file,line,type,commit,author,date,time,timezone,datetime,depth,length
style.css,1,css,151b6f3c,isaiahfang,2025-01-09,22:12:05,-08:00,2025-01-09T22:12:05-08:00,0,5
style.css,2,css,18b87529,isaiahfang,2025-01-23,20:28:14,-08:00,2025-01-23T20:28:14-08:00,0,44
style.css,3,css,18b87529,isaiahfang,2025-01-23,20:28:14,-08:00,2025-01-23T20:28:14-08:00,0,43
style.css,4,css,18b87529,isaiahfang,2025-01-23,20:28:14,-08:00,2025-01-23T20:28:14-08:00,0,1
style.css,5,css,18b87529,isaiahfang,2025-01-23,20:28:14,-08:00,2025-01-23T20:28:14-08:00,0,24
style.css,6,css,18b87529,isaiahfang,2025-01-23,20:28:14,-08:00,2025-01-23T20:28:14-08:00,0,16
style.css,7,css,18b87529,isaiahfang,2025-01-23,20:28:14,-08:00,2025-01-23T20:28:14-08:00,0,43
style.css,8,css,18b87529,isaiahfang,2025-01-23,20:28:14,-08:00,2025-01-23T20:28:14-08:00,0,13
style.css,9,css,a19b79db,isaiahfang,2025-02-07,18:23:51,-08:00,2025-02-07T18:23:51-08:00,0,0
style.css,10,css,4bc9f04e,isaiahfang,2025-01-16,23:04:40,-08:00,2025-01-16T23:04:40-08:00,0,0
style.css,11,css,a19b79db,isaiahfang,2025-02-07,18:23:51,-08:00,2025-02-07T18:23:51-08:00,0,4
style.css,12,css,a19b79db,isaiahfang,2025-02-07,18:23:51,-08:00,2025-02-07T18:23:51-08:00,0,40
style.css,13,css,a19b79db,isaiahfang,2025-02-07,18:23:51,-08:00,2025-02-07T18:23:51-08:00,0,13
style.css,14,css,a19b79db,isaiahfang,2025-02-07,18:23:51,-08:00,2025-02-07T18:23:51-08:00,0,18
style.css,15,css,a19b79db,isaiahfang,2025-02-07,18:23:51,-08:00,2025-02-07T18:23:51-08:00,0,24
style.css,16,css,a19b79db,isaiahfang,2025-02-07,18:23:51,-08:00,2025-02-07T18:23:51-08:00,0,26
style.css,17,css,a19b79db,isaiahfang,2025-02-07,18:23:51,-08:00,2025-02-07T18:23:51-08:00,0,38
style.css,18,css,a19b79db,isaiahfang,2025-02-07,18:23:51,-08:00,2025-02-07T18:23:51-08:00,0,0
style.css,19,css,4bc9f04e,isaiahfang,2025-01-16,23:04:40,-08:00,2025-01-16T23:04:40-08:00,0,0
style.css,20,css,a19b79db,isaiahfang,2025-02-07,18:23:51,-08:00,2025-02-07T18:23:51-08:00,0,2
style.css,21,css,a19b79db,isaiahfang,2025-02-07,18:23:51,-08:00,2025-02-07T18:23:51-08:00,0,7
style.css,22,css,a19b79db,isaiahfang,2025-02-07,18:23:51,-08:00,2025-02-07T18:23:51-08:00,0,21
style.css,23,css,a19b79db,isaiahfang,2025-02-07,18:23:51,-08:00,2025-02-07T18:23:51-08:00,0,14
style.css,24,css,a19b79db,isaiahfang,2025-02-07,18:23:51,-08:00,2025-02-07T18:23:51-08:00,0,18
style.css,25,css,a19b79db,isaiahfang,2025-02-07,18:23:51,-08:00,2025-02-07T18:23:51-08:00,0,14
style.css,26,css,a19b79db,isaiahfang,2025-02-07,18:23:51,-08:00,2025-02-07T18:23:51-08:00,0,0
style.css,27,css,20e6eee1,isaiahfang,2025-01-16,23:32:27,-08:00,2025-01-16T23:32:27-08:00,0,0
style.css,28,css,a19b79db,isaiahfang,2025-02-07,18:23:51,-08:00,2025-02-07T18:23:51-08:00,0,10
style.css,29,css,a19b79db,isaiahfang,2025-02-07,18:23:51,-08:00,2025-02-07T18:23:51-08:00,0,26
style.css,30,css,a19b79db,isaiahfang,2025-02-07,18:23:51,-08:00,2025-02-07T18:23:51-08:00,0,26
style.css,31,css,a19b79db,isaiahfang,2025-02-07,18:23:51,-08:00,2025-02-07T18:23:51-08:00,0,38
style.css,32,css,a19b79db,isaiahfang,2025-02-07,18:23:51,-08:00,2025-02-07T18:23:51-08:00,0,21
style.css,33,css,a19b79db,isaiahfang,2025-02-07,18:23:51,-08:00,2025-02-07T18:23:51-08:00,0,0
style.css,34,css,67d6e7e0,isaiahfang,2025-01-17,00:10:42,-08:00,2025-01-17T00:10:42-08:00,0,0
style.css,35,css,a19b79db,isaiahfang,2025-02-07,18:23:51,-08:00,2025-02-07T18:23:51-08:00,0,9
style.css,36,css,a19b79db,isaiahfang,2025-02-07,18:23:51,-08:00,2025-02-07T18:23:51-08:00,0,17
style.css,37,css,a19b79db,isaiahfang,2025-02-07,18:23:51,-08:00,2025-02-07T18:23:51-08:00,0,21
style.css,38,css,a19b79db,isaiahfang,2025-02-07,18:23:51,-08:00,2025-02-07T18:23:51-08:00,0,11
style.css,39,css,a19b79db,isaiahfang,2025-02-07,18:23:51,-08:00,2025-02-07T18:23:51-08:00,0,0
style.css,40,css,c266506d,isaiahfang,2025-01-17,18:07:20,-08:00,2025-01-17T18:07:20-08:00,0,0
style.css,41,css,a19b79db,isaiahfang,2025-02-07,18:23:51,-08:00,2025-02-07T18:23:51-08:00,0,5
style.css,42,css,a19b79db,isaiahfang,2025-02-07,18:23:51,-08:00,2025-02-07T18:23:51-08:00,0,33
style.css,43,css,a19b79db,isaiahfang,2025-02-07,18:23:51,-08:00,2025-02-07T18:23:51-08:00,0,0
style.css,44,css,67d6e7e0,isaiahfang,2025-01-17,00:10:42,-08:00,2025-01-17T00:10:42-08:00,0,0
style.css,45,css,a19b79db,isaiahfang,2025-02-07,18:23:51,-08:00,2025-02-07T18:23:51-08:00,0,8
style.css,46,css,a19b79db,isaiahfang,2025-02-07,18:23:51,-08:00,2025-02-07T18:23:51-08:00,0,26
style.css,47,css,a19b79db,isaiahfang,2025-02-07,18:23:51,-08:00,2025-02-07T18:23:51-08:00,0,26
style.css,48,css,a19b79db,isaiahfang,2025-02-07,18:23:51,-08:00,2025-02-07T18:23:51-08:00,0,40
style.css,49,css,a19b79db,isaiahfang,2025-02-07,18:23:51,-08:00,2025-02-07T18:23:51-08:00,0,70
style.css,50,css,a19b79db,isaiahfang,2025-02-07,18:23:51,-08:00,2025-02-07T18:23:51-08:00,0,21
style.css,51,css,a19b79db,isaiahfang,2025-02-07,18:23:51,-08:00,2025-02-07T18:23:51-08:00,0,0
style.css,52,css,155ec31d,isaiahfang,2025-01-17,14:46:05,-08:00,2025-01-17T14:46:05-08:00,0,0
style.css,53,css,a19b79db,isaiahfang,2025-02-07,18:23:51,-08:00,2025-02-07T18:23:51-08:00,0,32
style.css,54,css,a19b79db,isaiahfang,2025-02-07,18:23:51,-08:00,2025-02-07T18:23:51-08:00,0,13
style.css,55,css,a19b79db,isaiahfang,2025-02-07,18:23:51,-08:00,2025-02-07T18:23:51-08:00,0,0
style.css,56,css,74d1dc85,isaiahfang,2025-01-17,15:42:50,-08:00,2025-01-17T15:42:50-08:00,0,0
style.css,57,css,a19b79db,isaiahfang,2025-02-07,18:23:51,-08:00,2025-02-07T18:23:51-08:00,0,5
style.css,58,css,a19b79db,isaiahfang,2025-02-07,18:23:51,-08:00,2025-02-07T18:23:51-08:00,0,13
style.css,59,css,a19b79db,isaiahfang,2025-02-07,18:23:51,-08:00,2025-02-07T18:23:51-08:00,0,31
style.css,60,css,a19b79db,isaiahfang,2025-02-07,18:23:51,-08:00,2025-02-07T18:23:51-08:00,0,8
style.css,61,css,a19b79db,isaiahfang,2025-02-07,18:23:51,-08:00,2025-02-07T18:23:51-08:00,0,0
style.css,62,css,6e9c7a43,isaiahfang,2025-01-17,14:57:22,-08:00,2025-01-17T14:57:22-08:00,0,0
style.css,63,css,a19b79db,isaiahfang,2025-02-07,18:23:51,-08:00,2025-02-07T18:23:51-08:00,0,6
style.css,64,css,a19b79db,isaiahfang,2025-02-07,18:23:51,-08:00,2025-02-07T18:23:51-08:00,0,13
style.css,65,css,a19b79db,isaiahfang,2025-02-07,18:23:51,-08:00,2025-02-07T18:23:51-08:00,0,30
style.css,66,css,a19b79db,isaiahfang,2025-02-07,18:23:51,-08:00,2025-02-07T18:23:51-08:00,0,19
style.css,67,css,a19b79db,isaiahfang,2025-02-07,18:23:51,-08:00,2025-02-07T18:23:51-08:00,0,0
style.css,68,css,74d1dc85,isaiahfang,2025-01-17,15:42:50,-08:00,2025-01-17T15:42:50-08:00,0,0
style.css,69,css,a19b79db,isaiahfang,2025-02-07,18:23:51,-08:00,2025-02-07T18:23:51-08:00,0,7
style.css,70,css,a19b79db,isaiahfang,2025-02-07,18:23:51,-08:00,2025-02-07T18:23:51-08:00,0,13
style.css,71,css,a19b79db,isaiahfang,2025-02-07,18:23:51,-08:00,2025-02-07T18:23:51-08:00,0,19
style.css,72,css,a19b79db,isaiahfang,2025-02-07,18:23:51,-08:00,2025-02-07T18:23:51-08:00,0,0
style.css,73,css,6c473345,isaiahfang,2025-01-17,15:50:11,-08:00,2025-01-17T15:50:11-08:00,0,0
style.css,74,css,a19b79db,isaiahfang,2025-02-07,18:23:51,-08:00,2025-02-07T18:23:51-08:00,0,13
style.css,75,css,a19b79db,isaiahfang,2025-02-07,18:23:51,-08:00,2025-02-07T18:23:51-08:00,0,13
style.css,76,css,a19b79db,isaiahfang,2025-02-07,18:23:51,-08:00,2025-02-07T18:23:51-08:00,0,59
style.css,77,css,a19b79db,isaiahfang,2025-02-07,18:23:51,-08:00,2025-02-07T18:23:51-08:00,0,8
style.css,78,css,a19b79db,isaiahfang,2025-02-07,18:23:51,-08:00,2025-02-07T18:23:51-08:00,0,8
style.css,79,css,a19b79db,isaiahfang,2025-02-07,18:23:51,-08:00,2025-02-07T18:23:51-08:00,0,27
style.css,80,css,a19b79db,isaiahfang,2025-02-07,18:23:51,-08:00,2025-02-07T18:23:51-08:00,0,16
style.css,81,css,18b87529,isaiahfang,2025-01-23,20:28:14,-08:00,2025-01-23T20:28:14-08:00,0,0
style.css,82,css,a19b79db,isaiahfang,2025-02-07,18:23:51,-08:00,2025-02-07T18:23:51-08:00,0,3
style.css,83,css,a19b79db,isaiahfang,2025-02-07,18:23:51,-08:00,2025-02-07T18:23:51-08:00,0,9
style.css,84,css,18b87529,isaiahfang,2025-01-23,20:28:14,-08:00,2025-01-23T20:28:14-08:00,0,0
style.css,85,css,a19b79db,isaiahfang,2025-02-07,18:23:51,-08:00,2025-02-07T18:23:51-08:00,0,0
style.css,86,css,18b87529,isaiahfang,2025-01-23,20:28:14,-08:00,2025-01-23T20:28:14-08:00,0,0
style.css,87,css,a19b79db,isaiahfang,2025-02-07,18:23:51,-08:00,2025-02-07T18:23:51-08:00,0,3
style.css,88,css,a19b79db,isaiahfang,2025-02-07,18:23:51,-08:00,2025-02-07T18:23:51-08:00,0,15
style.css,89,css,a19b79db,isaiahfang,2025-02-07,18:23:51,-08:00,2025-02-07T18:23:51-08:00,0,0
style.css,90,css,6b44e1bd,isaiahfang,2025-01-24,15:18:46,-08:00,2025-01-24T15:18:46-08:00,0,0
style.css,91,css,a19b79db,isaiahfang,2025-02-07,18:23:51,-08:00,2025-02-07T18:23:51-08:00,0,23
style.css,92,css,a19b79db,isaiahfang,2025-02-07,18:23:51,-08:00,2025-02-07T18:23:51-08:00,0,16
style.css,93,css,a19b79db,isaiahfang,2025-02-07,18:23:51,-08:00,2025-02-07T18:23:51-08:00,0,18
style.css,94,css,a19b79db,isaiahfang,2025-02-07,18:23:51,-08:00,2025-02-07T18:23:51-08:00,0,0
style.css,95,css,046f2e5a,isaiahfang,2025-01-29,23:31:35,-08:00,2025-01-29T23:31:35-08:00,0,0
style.css,96,css,a19b79db,isaiahfang,2025-02-07,18:23:51,-08:00,2025-02-07T18:23:51-08:00,0,19
style.css,97,css,a19b79db,isaiahfang,2025-02-07,18:23:51,-08:00,2025-02-07T18:23:51-08:00,0,18
style.css,98,css,a19b79db,isaiahfang,2025-02-07,18:23:51,-08:00,2025-02-07T18:23:51-08:00,0,9
style.css,99,css,a19b79db,isaiahfang,2025-02-07,18:23:51,-08:00,2025-02-07T18:23:51-08:00,0,11
style.css,100,css,a19b79db,isaiahfang,2025-02-07,18:23:51,-08:00,2025-02-07T18:23:51-08:00,0,9
style.css,101,css,a19b79db,isaiahfang,2025-02-07,18:23:51,-08:00,2025-02-07T18:23:51-08:00,0,20
style.css,102,css,a19b79db,isaiahfang,2025-02-07,18:23:51,-08:00,2025-02-07T18:23:51-08:00,0,0
style.css,103,css,046f2e5a,isaiahfang,2025-01-29,23:31:35,-08:00,2025-01-29T23:31:35-08:00,0,0
style.css,104,css,a19b79db,isaiahfang,2025-02-07,18:23:51,-08:00,2025-02-07T18:23:51-08:00,0,3
style.css,105,css,a19b79db,isaiahfang,2025-02-07,18:23:51,-08:00,2025-02-07T18:23:51-08:00,0,13
style.css,106,css,a19b79db,isaiahfang,2025-02-07,18:23:51,-08:00,2025-02-07T18:23:51-08:00,0,31
style.css,107,css,a19b79db,isaiahfang,2025-02-07,18:23:51,-08:00,2025-02-07T18:23:51-08:00,0,10
style.css,108,css,a19b79db,isaiahfang,2025-02-07,18:23:51,-08:00,2025-02-07T18:23:51-08:00,0,0
style.css,109,css,a19b79db,isaiahfang,2025-02-07,18:23:51,-08:00,2025-02-07T18:23:51-08:00,0,0
style.css,110,css,a19b79db,isaiahfang,2025-02-07,18:23:51,-08:00,2025-02-07T18:23:51-08:00,0,3
style.css,111,css,a19b79db,isaiahfang,2025-02-07,18:23:51,-08:00,2025-02-07T18:23:51-08:00,0,17
style.css,112,css,1bdd454c,isaiahfang,2025-01-24,14:30:10,-08:00,2025-01-24T14:30:10-08:00,0,0
style.css,113,css,1bdd454c,isaiahfang,2025-01-24,14:30:10,-08:00,2025-01-24T14:30:10-08:00,0,0
style.css,114,css,a19b79db,isaiahfang,2025-02-07,18:23:51,-08:00,2025-02-07T18:23:51-08:00,0,0
style.css,115,css,1bdd454c,isaiahfang,2025-01-24,14:30:10,-08:00,2025-01-24T14:30:10-08:00,0,6
style.css,116,css,1bdd454c,isaiahfang,2025-01-24,14:30:10,-08:00,2025-01-24T14:30:10-08:00,0,24
style.css,117,css,1bdd454c,isaiahfang,2025-01-24,14:30:10,-08:00,2025-01-24T14:30:10-08:00,0,40
style.css,118,css,63ab4600,isaiahfang,2025-01-24,17:14:26,-08:00,2025-01-24T17:14:26-08:00,0,32
style.css,119,css,09a5f120,isaiahfang,2025-02-07,16:02:35,-08:00,2025-02-07T16:02:35-08:00,0,0
style.css,120,css,09a5f120,isaiahfang,2025-02-07,16:02:35,-08:00,2025-02-07T16:02:35-08:00,0,0
style.css,121,css,09a5f120,isaiahfang,2025-02-07,16:02:35,-08:00,2025-02-07T16:02:35-08:00,0,19
style.css,122,css,09a5f120,isaiahfang,2025-02-07,16:02:35,-08:00,2025-02-07T16:02:35-08:00,0,15
style.css,123,css,09a5f120,isaiahfang,2025-02-07,16:02:35,-08:00,2025-02-07T16:02:35-08:00,0,17
style.css,124,css,09a5f120,isaiahfang,2025-02-07,16:02:35,-08:00,2025-02-07T16:02:35-08:00,0,0
style.css,125,css,09a5f120,isaiahfang,2025-02-07,16:02:35,-08:00,2025-02-07T16:02:35-08:00,0,17
style.css,126,css,a19b79db,isaiahfang,2025-02-07,18:23:51,-08:00,2025-02-07T18:23:51-08:00,0,19
style.css,127,css,a19b79db,isaiahfang,2025-02-07,18:23:51,-08:00,2025-02-07T18:23:51-08:00,0,9
style.css,128,css,09a5f120,isaiahfang,2025-02-07,16:02:35,-08:00,2025-02-07T16:02:35-08:00,0,0
style.css,129,css,09a5f120,isaiahfang,2025-02-07,16:02:35,-08:00,2025-02-07T16:02:35-08:00,0,0
style.css,130,css,a19b79db,isaiahfang,2025-02-07,18:23:51,-08:00,2025-02-07T18:23:51-08:00,0,8
style.css,131,css,09a5f120,isaiahfang,2025-02-07,16:02:35,-08:00,2025-02-07T16:02:35-08:00,0,21
style.css,132,css,a19b79db,isaiahfang,2025-02-07,18:23:51,-08:00,2025-02-07T18:23:51-08:00,0,10
style.css,133,css,a19b79db,isaiahfang,2025-02-07,18:23:51,-08:00,2025-02-07T18:23:51-08:00,0,11
style.css,134,css,09a5f120,isaiahfang,2025-02-07,16:02:35,-08:00,2025-02-07T16:02:35-08:00,0,30
style.css,135,css,09a5f120,isaiahfang,2025-02-07,16:02:35,-08:00,2025-02-07T16:02:35-08:00,0,18
style.css,136,css,09a5f120,isaiahfang,2025-02-07,16:02:35,-08:00,2025-02-07T16:02:35-08:00,0,0
style.css,137,css,09a5f120,isaiahfang,2025-02-07,16:02:35,-08:00,2025-02-07T16:02:35-08:00,0,0
style.css,138,css,a19b79db,isaiahfang,2025-02-07,18:23:51,-08:00,2025-02-07T18:23:51-08:00,0,8
style.css,139,css,09a5f120,isaiahfang,2025-02-07,16:02:35,-08:00,2025-02-07T16:02:35-08:00,0,13
style.css,140,css,09a5f120,isaiahfang,2025-02-07,16:02:35,-08:00,2025-02-07T16:02:35-08:00,0,58
style.css,141,css,a19b79db,isaiahfang,2025-02-07,18:23:51,-08:00,2025-02-07T18:23:51-08:00,0,8
style.css,142,css,a19b79db,isaiahfang,2025-02-07,18:23:51,-08:00,2025-02-07T18:23:51-08:00,0,22
style.css,143,css,a19b79db,isaiahfang,2025-02-07,18:23:51,-08:00,2025-02-07T18:23:51-08:00,0,18
style.css,144,css,a19b79db,isaiahfang,2025-02-07,18:23:51,-08:00,2025-02-07T18:23:51-08:00,0,9
style.css,145,css,a19b79db,isaiahfang,2025-02-07,18:23:51,-08:00,2025-02-07T18:23:51-08:00,0,12
style.css,146,css,a19b79db,isaiahfang,2025-02-07,18:23:51,-08:00,2025-02-07T18:23:51-08:00,0,7
style.css,147,css,09a5f120,isaiahfang,2025-02-07,16:02:35,-08:00,2025-02-07T16:02:35-08:00,0,0
style.css,148,css,09a5f120,isaiahfang,2025-02-07,16:02:35,-08:00,2025-02-07T16:02:35-08:00,0,0
style.css,149,css,a19b79db,isaiahfang,2025-02-07,18:23:51,-08:00,2025-02-07T18:23:51-08:00,0,11
style.css,150,css,a19b79db,isaiahfang,2025-02-07,18:23:51,-08:00,2025-02-07T18:23:51-08:00,0,16
style.css,151,css,a19b79db,isaiahfang,2025-02-07,18:23:51,-08:00,2025-02-07T18:23:51-08:00,0,19
style.css,152,css,a19b79db,isaiahfang,2025-02-07,18:23:51,-08:00,2025-02-07T18:23:51-08:00,0,0
style.css,153,css,a19b79db,isaiahfang,2025-02-07,18:23:51,-08:00,2025-02-07T18:23:51-08:00,0,0
style.css,154,css,a19b79db,isaiahfang,2025-02-07,18:23:51,-08:00,2025-02-07T18:23:51-08:00,0,11
style.css,155,css,a19b79db,isaiahfang,2025-02-07,18:23:51,-08:00,2025-02-07T18:23:51-08:00,0,15
style.css,156,css,a19b79db,isaiahfang,2025-02-07,18:23:51,-08:00,2025-02-07T18:23:51-08:00,0,11
style.css,157,css,a19b79db,isaiahfang,2025-02-07,18:23:51,-08:00,2025-02-07T18:23:51-08:00,0,12
style.css,158,css,09a5f120,isaiahfang,2025-02-07,16:02:35,-08:00,2025-02-07T16:02:35-08:00,0,13
style.css,159,css,a19b79db,isaiahfang,2025-02-07,18:23:51,-08:00,2025-02-07T18:23:51-08:00,0,19
style.css,160,css,a19b79db,isaiahfang,2025-02-07,18:23:51,-08:00,2025-02-07T18:23:51-08:00,0,8
style.css,161,css,f515041d,isaiahfang,2025-02-08,09:40:53,-08:00,2025-02-08T09:40:53-08:00,0,0
style.css,162,css,f515041d,isaiahfang,2025-02-08,09:40:53,-08:00,2025-02-08T09:40:53-08:00,0,0
style.css,163,css,f515041d,isaiahfang,2025-02-08,09:40:53,-08:00,2025-02-08T09:40:53-08:00,0,11
style.css,164,css,f515041d,isaiahfang,2025-02-08,09:40:53,-08:00,2025-02-08T09:40:53-08:00,0,11
style.css,165,css,f515041d,isaiahfang,2025-02-08,09:40:53,-08:00,2025-02-08T09:40:53-08:00,0,0
style.css,166,css,f515041d,isaiahfang,2025-02-08,09:40:53,-08:00,2025-02-08T09:40:53-08:00,0,0
style.css,167,css,f515041d,isaiahfang,2025-02-08,09:40:53,-08:00,2025-02-08T09:40:53-08:00,0,18
style.css,168,css,f515041d,isaiahfang,2025-02-08,09:40:53,-08:00,2025-02-08T09:40:53-08:00,0,17
style.css,169,css,f515041d,isaiahfang,2025-02-08,09:40:53,-08:00,2025-02-08T09:40:53-08:00,0,12
style.css,170,css,f515041d,isaiahfang,2025-02-08,09:40:53,-08:00,2025-02-08T09:40:53-08:00,0,0
style.css,171,css,f515041d,isaiahfang,2025-02-08,09:40:53,-08:00,2025-02-08T09:40:53-08:00,0,0
style.css,172,css,f515041d,isaiahfang,2025-02-08,09:40:53,-08:00,2025-02-08T09:40:53-08:00,0,0
style.css,173,css,f515041d,isaiahfang,2025-02-08,09:40:53,-08:00,2025-02-08T09:40:53-08:00,0,5
style.css,174,css,f515041d,isaiahfang,2025-02-08,09:40:53,-08:00,2025-02-08T09:40:53-08:00,0,17
style.css,175,css,f515041d,isaiahfang,2025-02-08,09:40:53,-08:00,2025-02-08T09:40:53-08:00,0,15
style.css,176,css,f515041d,isaiahfang,2025-02-08,09:40:53,-08:00,2025-02-08T09:40:53-08:00,0,0
style.css,177,css,f515041d,isaiahfang,2025-02-08,09:40:53,-08:00,2025-02-08T09:40:53-08:00,0,0
style.css,178,css,f515041d,isaiahfang,2025-02-08,09:40:53,-08:00,2025-02-08T09:40:53-08:00,0,10
style.css,179,css,f515041d,isaiahfang,2025-02-08,09:40:53,-08:00,2025-02-08T09:40:53-08:00,0,36
style.css,180,css,f515041d,isaiahfang,2025-02-08,09:40:53,-08:00,2025-02-08T09:40:53-08:00,0,0
style.css,181,css,f515041d,isaiahfang,2025-02-08,09:40:53,-08:00,2025-02-08T09:40:53-08:00,0,11
style.css,182,css,f515041d,isaiahfang,2025-02-08,09:40:53,-08:00,2025-02-08T09:40:53-08:00,0,18
style.css,183,css,f515041d,isaiahfang,2025-02-08,09:40:53,-08:00,2025-02-08T09:40:53-08:00,0,0
style.css,184,css,18b87529,isaiahfang,2025-01-23,20:28:14,-08:00,2025-01-23T20:28:14-08:00,0,0
index.js,1,js,c8ee78db,isaiahfang,2025-01-29,23:13:29,-08:00,2025-01-29T23:13:29-08:00,0,72
index.js,2,js,c8ee78db,isaiahfang,2025-01-29,23:13:29,-08:00,2025-01-29T23:13:29-08:00,0,55
index.js,3,js,c8ee78db,isaiahfang,2025-01-29,23:13:29,-08:00,2025-01-29T23:13:29-08:00,0,43
index.js,4,js,c8ee78db,isaiahfang,2025-01-29,23:13:29,-08:00,2025-01-29T23:13:29-08:00,0,61
index.js,5,js,c8ee78db,isaiahfang,2025-01-29,23:13:29,-08:00,2025-01-29T23:13:29-08:00,0,55
index.js,6,js,c8ee78db,isaiahfang,2025-01-29,23:13:29,-08:00,2025-01-29T23:13:29-08:00,0,0
index.js,7,js,c8ee78db,isaiahfang,2025-01-29,23:13:29,-08:00,2025-01-29T23:13:29-08:00,0,54
index.js,8,js,c8ee78db,isaiahfang,2025-01-29,23:13:29,-08:00,2025-01-29T23:13:29-08:00,0,61
index.js,9,js,c8ee78db,isaiahfang,2025-01-29,23:13:29,-08:00,2025-01-29T23:13:29-08:00,0,18
index.js,10,js,c8ee78db,isaiahfang,2025-01-29,23:13:29,-08:00,2025-01-29T23:13:29-08:00,0,25
index.js,11,js,c8ee78db,isaiahfang,2025-01-29,23:13:29,-08:00,2025-01-29T23:13:29-08:00,0,3
index.js,12,js,c8ee78db,isaiahfang,2025-01-29,23:13:29,-08:00,2025-01-29T23:13:29-08:00,0,56
index.js,13,js,c8ee78db,isaiahfang,2025-01-29,23:13:29,-08:00,2025-01-29T23:13:29-08:00,0,56
index.js,14,js,c8ee78db,isaiahfang,2025-01-29,23:13:29,-08:00,2025-01-29T23:13:29-08:00,0,50
index.js,15,js,c8ee78db,isaiahfang,2025-01-29,23:13:29,-08:00,2025-01-29T23:13:29-08:00,0,50
index.js,16,js,c8ee78db,isaiahfang,2025-01-29,23:13:29,-08:00,2025-01-29T23:13:29-08:00,0,4
index.js,17,js,c8ee78db,isaiahfang,2025-01-29,23:13:29,-08:00,2025-01-29T23:13:29-08:00,0,1
index.js,18,js,c8ee78db,isaiahfang,2025-01-29,23:13:29,-08:00,2025-01-29T23:13:29-08:00,0,0
index.html,1,html,7a66c955,isaiahfang,2025-01-09,21:33:18,-08:00,2025-01-09T21:33:18-08:00,0,14
index.html,2,html,1bdd454c,isaiahfang,2025-01-24,14:30:10,-08:00,2025-01-24T14:30:10-08:00,0,28
index.html,3,html,7a66c955,isaiahfang,2025-01-09,21:33:18,-08:00,2025-01-09T21:33:18-08:00,0,5
index.html,4,html,7a66c955,isaiahfang,2025-01-09,21:33:18,-08:00,2025-01-09T21:33:18-08:00,0,21
index.html,5,html,7a66c955,isaiahfang,2025-01-09,21:33:18,-08:00,2025-01-09T21:33:18-08:00,0,69
index.html,6,html,7a66c955,isaiahfang,2025-01-09,21:33:18,-08:00,2025-01-09T21:33:18-08:00,0,53
index.html,7,html,a4dd0f22,isaiahfang,2025-01-09,23:56:00,-08:00,2025-01-09T23:56:00-08:00,0,0
index.html,8,html,a936d6bd,isaiahfang,2025-01-23,17:31:32,-08:00,2025-01-23T17:31:32-08:00,0,40
index.html,9,html,796976d1,isaiahfang,2025-01-23,20:36:43,-08:00,2025-01-23T20:36:43-08:00,0,46
index.html,10,html,18b87529,isaiahfang,2025-01-23,20:28:14,-08:00,2025-01-23T20:28:14-08:00,0,0
index.html,11,html,8c86e5c3,isaiahfang,2025-01-16,16:54:28,-08:00,2025-01-16T16:54:28-08:00,0,19
index.html,12,html,0790065e,isaiahfang,2025-01-10,17:45:11,-08:00,2025-01-10T17:45:11-08:00,0,0
index.html,13,html,dfb5d6f9,isaiahfang,2025-01-17,17:32:54,-08:00,2025-01-17T17:32:54-08:00,0,98
index.html,14,html,9ea15d42,isaiahfang,2025-01-16,23:51:00,-08:00,2025-01-16T23:51:00-08:00,0,0
index.html,15,html,9ea15d42,isaiahfang,2025-01-16,23:51:00,-08:00,2025-01-16T23:51:00-08:00,0,168
index.html,16,html,c8ee78db,isaiahfang,2025-01-29,23:13:29,-08:00,2025-01-29T23:13:29-08:00,0,0
index.html,17,html,c8ee78db,isaiahfang,2025-01-29,23:13:29,-08:00,2025-01-29T23:13:29-08:00,0,23
index.html,18,html,c8ee78db,isaiahfang,2025-01-29,23:13:29,-08:00,2025-01-29T23:13:29-08:00,0,21
index.html,19,html,c8ee78db,isaiahfang,2025-01-29,23:13:29,-08:00,2025-01-29T23:13:29-08:00,0,51
index.html,20,html,c8ee78db,isaiahfang,2025-01-29,23:13:29,-08:00,2025-01-29T23:13:29-08:00,0,5
index.html,21,html,c8ee78db,isaiahfang,2025-01-29,23:13:29,-08:00,2025-01-29T23:13:29-08:00,0,0
index.html,22,html,c8ee78db,isaiahfang,2025-01-29,23:13:29,-08:00,2025-01-29T23:13:29-08:00,0,23
index.html,23,html,29801946,isaiahfang,2025-01-30,16:20:50,-08:00,2025-01-30T16:20:50-08:00,0,23
index.html,24,html,c8ee78db,isaiahfang,2025-01-29,23:13:29,-08:00,2025-01-29T23:13:29-08:00,0,51
index.html,25,html,c8ee78db,isaiahfang,2025-01-29,23:13:29,-08:00,2025-01-29T23:13:29-08:00,0,5
index.html,26,html,7a66c955,isaiahfang,2025-01-09,21:33:18,-08:00,2025-01-09T21:33:18-08:00,0,6
index.html,27,html,7a66c955,isaiahfang,2025-01-09,21:33:18,-08:00,2025-01-09T21:33:18-08:00,0,5
index.html,28,html,7a66c955,isaiahfang,2025-01-09,21:33:18,-08:00,2025-01-09T21:33:18-08:00,0,0
index.html,29,html,7a66c955,isaiahfang,2025-01-09,21:33:18,-08:00,2025-01-09T21:33:18-08:00,0,6
index.html,30,html,18b87529,isaiahfang,2025-01-23,20:28:14,-08:00,2025-01-23T20:28:14-08:00,0,6
global.js,1,js,796976d1,isaiahfang,2025-01-23,20:36:43,-08:00,2025-01-23T20:36:43-08:00,0,26
global.js,2,js,796976d1,isaiahfang,2025-01-23,20:36:43,-08:00,2025-01-23T20:36:43-08:00,0,0
global.js,3,js,796976d1,isaiahfang,2025-01-23,20:36:43,-08:00,2025-01-23T20:36:43-08:00,0,42
global.js,4,js,796976d1,isaiahfang,2025-01-23,20:36:43,-08:00,2025-01-23T20:36:43-08:00,0,53
global.js,5,js,8f0d2059,isaiahfang,2025-01-23,20:49:19,-08:00,2025-01-23T20:49:19-08:00,0,0
global.js,6,js,8f0d2059,isaiahfang,2025-01-23,20:49:19,-08:00,2025-01-23T20:49:19-08:00,0,0
global.js,7,js,8f0d2059,isaiahfang,2025-01-23,20:49:19,-08:00,2025-01-23T20:49:19-08:00,0,12
global.js,8,js,8f0d2059,isaiahfang,2025-01-23,20:49:19,-08:00,2025-01-23T20:49:19-08:00,0,26
global.js,9,js,8f0d2059,isaiahfang,2025-01-23,20:49:19,-08:00,2025-01-23T20:49:19-08:00,0,39
global.js,10,js,8f0d2059,isaiahfang,2025-01-23,20:49:19,-08:00,2025-01-23T20:49:19-08:00,0,35
global.js,11,js,8f0d2059,isaiahfang,2025-01-23,20:49:19,-08:00,2025-01-23T20:49:19-08:00,0,37
global.js,12,js,00000000,Not Committed Yet,2025-02-12,16:05:40,-08:00,2025-02-12T16:05:40-08:00,0,31
global.js,13,js,8f0d2059,isaiahfang,2025-01-23,20:49:19,-08:00,2025-01-23T20:49:19-08:00,0,57
global.js,14,js,8f0d2059,isaiahfang,2025-01-23,20:49:19,-08:00,2025-01-23T20:49:19-08:00,0,1
global.js,15,js,8f0d2059,isaiahfang,2025-01-23,20:49:19,-08:00,2025-01-23T20:49:19-08:00,0,0
global.js,16,js,8f0d2059,isaiahfang,2025-01-23,20:49:19,-08:00,2025-01-23T20:49:19-08:00,0,39
global.js,17,js,8f0d2059,isaiahfang,2025-01-23,20:49:19,-08:00,2025-01-23T20:49:19-08:00,0,26
global.js,18,js,8f0d2059,isaiahfang,2025-01-23,20:49:19,-08:00,2025-01-23T20:49:19-08:00,0,0
global.js,19,js,491495e4,isaiahfang,2025-01-23,21:23:47,-08:00,2025-01-23T21:23:47-08:00,0,71
global.js,20,js,491495e4,isaiahfang,2025-01-23,21:23:47,-08:00,2025-01-23T21:23:47-08:00,0,0
global.js,21,js,8f0d2059,isaiahfang,2025-01-23,20:49:19,-08:00,2025-01-23T20:49:19-08:00,0,21
global.js,22,js,8f0d2059,isaiahfang,2025-01-23,20:49:19,-08:00,2025-01-23T20:49:19-08:00,0,15
global.js,23,js,491495e4,isaiahfang,2025-01-23,21:23:47,-08:00,2025-01-23T21:23:47-08:00,0,0
global.js,24,js,491495e4,isaiahfang,2025-01-23,21:23:47,-08:00,2025-01-23T21:23:47-08:00,0,45
global.js,25,js,491495e4,isaiahfang,2025-01-23,21:23:47,-08:00,2025-01-23T21:23:47-08:00,0,17
global.js,26,js,491495e4,isaiahfang,2025-01-23,21:23:47,-08:00,2025-01-23T21:23:47-08:00,0,0
global.js,27,js,491495e4,isaiahfang,2025-01-23,21:23:47,-08:00,2025-01-23T21:23:47-08:00,0,0
global.js,28,js,8f0d2059,isaiahfang,2025-01-23,20:49:19,-08:00,2025-01-23T20:49:19-08:00,0,19
global.js,29,js,491495e4,isaiahfang,2025-01-23,21:23:47,-08:00,2025-01-23T21:23:47-08:00,0,0
global.js,30,js,8f0d2059,isaiahfang,2025-01-23,20:49:19,-08:00,2025-01-23T20:49:19-08:00,0,35
global.js,31,js,8f0d2059,isaiahfang,2025-01-23,20:49:19,-08:00,2025-01-23T20:49:19-08:00,0,12
global.js,32,js,8f0d2059,isaiahfang,2025-01-23,20:49:19,-08:00,2025-01-23T20:49:19-08:00,0,21
global.js,33,js,8f0d2059,isaiahfang,2025-01-23,20:49:19,-08:00,2025-01-23T20:49:19-08:00,0,0
global.js,34,js,491495e4,isaiahfang,2025-01-23,21:23:47,-08:00,2025-01-23T21:23:47-08:00,0,66
global.js,35,js,491495e4,isaiahfang,2025-01-23,21:23:47,-08:00,2025-01-23T21:23:47-08:00,0,26
global.js,36,js,491495e4,isaiahfang,2025-01-23,21:23:47,-08:00,2025-01-23T21:23:47-08:00,0,0
global.js,37,js,8f0d2059,isaiahfang,2025-01-23,20:49:19,-08:00,2025-01-23T20:49:19-08:00,0,0
global.js,38,js,985e2533,isaiahfang,2025-01-24,16:31:16,-08:00,2025-01-24T16:31:16-08:00,0,30
global.js,39,js,491495e4,isaiahfang,2025-01-23,21:23:47,-08:00,2025-01-23T21:23:47-08:00,0,19
global.js,40,js,491495e4,isaiahfang,2025-01-23,21:23:47,-08:00,2025-01-23T21:23:47-08:00,0,0
global.js,41,js,8f0d2059,isaiahfang,2025-01-23,20:49:19,-08:00,2025-01-23T20:49:19-08:00,0,0
global.js,42,js,491495e4,isaiahfang,2025-01-23,21:23:47,-08:00,2025-01-23T21:23:47-08:00,0,13
global.js,43,js,1bdd454c,isaiahfang,2025-01-24,14:30:10,-08:00,2025-01-24T14:30:10-08:00,0,0
global.js,44,js,1bdd454c,isaiahfang,2025-01-24,14:30:10,-08:00,2025-01-24T14:30:10-08:00,0,0
global.js,45,js,1bdd454c,isaiahfang,2025-01-24,14:30:10,-08:00,2025-01-24T14:30:10-08:00,0,32
global.js,46,js,1bdd454c,isaiahfang,2025-01-24,14:30:10,-08:00,2025-01-24T14:30:10-08:00,0,12
global.js,47,js,1bdd454c,isaiahfang,2025-01-24,14:30:10,-08:00,2025-01-24T14:30:10-08:00,0,0
global.js,48,js,1bdd454c,isaiahfang,2025-01-24,14:30:10,-08:00,2025-01-24T14:30:10-08:00,0,27
global.js,49,js,1bdd454c,isaiahfang,2025-01-24,14:30:10,-08:00,2025-01-24T14:30:10-08:00,0,5
global.js,50,js,1bdd454c,isaiahfang,2025-01-24,14:30:10,-08:00,2025-01-24T14:30:10-08:00,0,7
global.js,51,js,1bdd454c,isaiahfang,2025-01-24,14:30:10,-08:00,2025-01-24T14:30:10-08:00,0,44
global.js,52,js,1bdd454c,isaiahfang,2025-01-24,14:30:10,-08:00,2025-01-24T14:30:10-08:00,0,35
global.js,53,js,1bdd454c,isaiahfang,2025-01-24,14:30:10,-08:00,2025-01-24T14:30:10-08:00,0,33
global.js,54,js,1bdd454c,isaiahfang,2025-01-24,14:30:10,-08:00,2025-01-24T14:30:10-08:00,0,8
global.js,55,js,1bdd454c,isaiahfang,2025-01-24,14:30:10,-08:00,2025-01-24T14:30:10-08:00,0,8
global.js,56,js,1bdd454c,isaiahfang,2025-01-24,14:30:10,-08:00,2025-01-24T14:30:10-08:00,0,1
global.js,57,js,1bdd454c,isaiahfang,2025-01-24,14:30:10,-08:00,2025-01-24T14:30:10-08:00,0,0
global.js,58,js,1bdd454c,isaiahfang,2025-01-24,14:30:10,-08:00,2025-01-24T14:30:10-08:00,0,59
global.js,59,js,1bdd454c,isaiahfang,2025-01-24,14:30:10,-08:00,2025-01-24T14:30:10-08:00,0,0
global.js,60,js,d48c6330,isaiahfang,2025-01-24,14:49:55,-08:00,2025-01-24T14:49:55-08:00,0,84
global.js,61,js,d48c6330,isaiahfang,2025-01-24,14:49:55,-08:00,2025-01-24T14:49:55-08:00,0,0
global.js,62,js,1bdd454c,isaiahfang,2025-01-24,14:30:10,-08:00,2025-01-24T14:30:10-08:00,0,50
global.js,63,js,1bdd454c,isaiahfang,2025-01-24,14:30:10,-08:00,2025-01-24T14:30:10-08:00,0,58
global.js,64,js,1bdd454c,isaiahfang,2025-01-24,14:30:10,-08:00,2025-01-24T14:30:10-08:00,0,78
global.js,65,js,d48c6330,isaiahfang,2025-01-24,14:49:55,-08:00,2025-01-24T14:49:55-08:00,0,0
global.js,66,js,d48c6330,isaiahfang,2025-01-24,14:49:55,-08:00,2025-01-24T14:49:55-08:00,0,44
global.js,67,js,d48c6330,isaiahfang,2025-01-24,14:49:55,-08:00,2025-01-24T14:49:55-08:00,0,2
global.js,68,js,d48c6330,isaiahfang,2025-01-24,14:49:55,-08:00,2025-01-24T14:49:55-08:00,0,0
global.js,69,js,d48c6330,isaiahfang,2025-01-24,14:49:55,-08:00,2025-01-24T14:49:55-08:00,0,35
global.js,70,js,d48c6330,isaiahfang,2025-01-24,14:49:55,-08:00,2025-01-24T14:49:55-08:00,0,84
global.js,71,js,d48c6330,isaiahfang,2025-01-24,14:49:55,-08:00,2025-01-24T14:49:55-08:00,0,0
global.js,72,js,d48c6330,isaiahfang,2025-01-24,14:49:55,-08:00,2025-01-24T14:49:55-08:00,0,0
global.js,73,js,d48c6330,isaiahfang,2025-01-24,14:49:55,-08:00,2025-01-24T14:49:55-08:00,0,39
global.js,74,js,6784925b,isaiahfang,2025-01-29,18:29:19,-08:00,2025-01-29T18:29:19-08:00,0,0
global.js,75,js,6784925b,isaiahfang,2025-01-29,18:29:19,-08:00,2025-01-29T18:29:19-08:00,0,37
global.js,76,js,6784925b,isaiahfang,2025-01-29,18:29:19,-08:00,2025-01-29T18:29:19-08:00,0,4
global.js,77,js,6784925b,isaiahfang,2025-01-29,18:29:19,-08:00,2025-01-29T18:29:19-08:00,0,33
global.js,78,js,6784925b,isaiahfang,2025-01-29,18:29:19,-08:00,2025-01-29T18:29:19-08:00,0,18
global.js,79,js,6784925b,isaiahfang,2025-01-29,18:29:19,-08:00,2025-01-29T18:29:19-08:00,0,67
global.js,80,js,6784925b,isaiahfang,2025-01-29,18:29:19,-08:00,2025-01-29T18:29:19-08:00,0,0
global.js,81,js,6784925b,isaiahfang,2025-01-29,18:29:19,-08:00,2025-01-29T18:29:19-08:00,0,34
global.js,82,js,6784925b,isaiahfang,2025-01-29,18:29:19,-08:00,2025-01-29T18:29:19-08:00,0,11
global.js,83,js,6784925b,isaiahfang,2025-01-29,18:29:19,-08:00,2025-01-29T18:29:19-08:00,0,0
global.js,84,js,6784925b,isaiahfang,2025-01-29,18:29:19,-08:00,2025-01-29T18:29:19-08:00,0,0
global.js,85,js,6784925b,isaiahfang,2025-01-29,18:29:19,-08:00,2025-01-29T18:29:19-08:00,0,16
global.js,86,js,6784925b,isaiahfang,2025-01-29,18:29:19,-08:00,2025-01-29T18:29:19-08:00,0,60
global.js,87,js,6784925b,isaiahfang,2025-01-29,18:29:19,-08:00,2025-01-29T18:29:19-08:00,0,0
global.js,88,js,6784925b,isaiahfang,2025-01-29,18:29:19,-08:00,2025-01-29T18:29:19-08:00,0,0
global.js,89,js,6784925b,isaiahfang,2025-01-29,18:29:19,-08:00,2025-01-29T18:29:19-08:00,0,0
global.js,90,js,6784925b,isaiahfang,2025-01-29,18:29:19,-08:00,2025-01-29T18:29:19-08:00,0,79
global.js,91,js,6784925b,isaiahfang,2025-01-29,18:29:19,-08:00,2025-01-29T18:29:19-08:00,0,31
global.js,92,js,29801946,isaiahfang,2025-01-30,16:20:50,-08:00,2025-01-30T16:20:50-08:00,0,23
global.js,93,js,29801946,isaiahfang,2025-01-30,16:20:50,-08:00,2025-01-30T16:20:50-08:00,0,49
global.js,94,js,29801946,isaiahfang,2025-01-30,16:20:50,-08:00,2025-01-30T16:20:50-08:00,0,20
global.js,95,js,841f2d2a,isaiahfang,2025-02-07,12:04:55,-08:00,2025-02-07T12:04:55-08:00,0,18
global.js,96,js,d10e78ce,isaiahfang,2025-01-30,16:56:58,-08:00,2025-01-30T16:56:58-08:00,0,38
global.js,97,js,29801946,isaiahfang,2025-01-30,16:20:50,-08:00,2025-01-30T16:20:50-08:00,0,22
global.js,98,js,841f2d2a,isaiahfang,2025-02-07,12:04:55,-08:00,2025-02-07T12:04:55-08:00,0,18
global.js,99,js,29801946,isaiahfang,2025-01-30,16:20:50,-08:00,2025-01-30T16:20:50-08:00,0,1
global.js,100,js,29801946,isaiahfang,2025-01-30,16:20:50,-08:00,2025-01-30T16:20:50-08:00,0,37
global.js,101,js,29801946,isaiahfang,2025-01-30,16:20:50,-08:00,2025-01-30T16:20:50-08:00,0,0
global.js,102,js,f1870824,isaiahfang,2025-01-29,18:54:55,-08:00,2025-01-29T18:54:55-08:00,0,0
global.js,103,js,c8ee78db,isaiahfang,2025-01-29,23:13:29,-08:00,2025-01-29T23:13:29-08:00,0,0
global.js,104,js,c8ee78db,isaiahfang,2025-01-29,23:13:29,-08:00,2025-01-29T23:13:29-08:00,0,48
global.js,105,js,c8ee78db,isaiahfang,2025-01-29,23:13:29,-08:00,2025-01-29T23:13:29-08:00,0,60
global.js,106,js,c8ee78db,isaiahfang,2025-01-29,23:13:29,-08:00,2025-01-29T23:13:29-08:00,0,0
resume/index.html,1,html,c60808d3,isaiahfang,2025-01-10,00:12:15,-08:00,2025-01-10T00:12:15-08:00,0,14
resume/index.html,2,html,c60808d3,isaiahfang,2025-01-10,00:12:15,-08:00,2025-01-10T00:12:15-08:00,0,15
resume/index.html,3,html,c60808d3,isaiahfang,2025-01-10,00:12:15,-08:00,2025-01-10T00:12:15-08:00,0,5
resume/index.html,4,html,c60808d3,isaiahfang,2025-01-10,00:12:15,-08:00,2025-01-10T00:12:15-08:00,0,21
resume/index.html,5,html,c60808d3,isaiahfang,2025-01-10,00:12:15,-08:00,2025-01-10T00:12:15-08:00,0,69
resume/index.html,6,html,c60808d3,isaiahfang,2025-01-10,00:12:15,-08:00,2025-01-10T00:12:15-08:00,0,20
resume/index.html,7,html,c60808d3,isaiahfang,2025-01-10,00:12:15,-08:00,2025-01-10T00:12:15-08:00,0,0
resume/index.html,8,html,a936d6bd,isaiahfang,2025-01-23,17:31:32,-08:00,2025-01-23T17:31:32-08:00,0,43
resume/index.html,9,html,796976d1,isaiahfang,2025-01-23,20:36:43,-08:00,2025-01-23T20:36:43-08:00,0,49
resume/index.html,10,html,18b87529,isaiahfang,2025-01-23,20:28:14,-08:00,2025-01-23T20:28:14-08:00,0,0
resume/index.html,11,html,8c86e5c3,isaiahfang,2025-01-16,16:54:28,-08:00,2025-01-16T16:54:28-08:00,0,14
resume/index.html,12,html,d1678fa5,isaiahfang,2025-01-10,00:15:46,-08:00,2025-01-10T00:15:46-08:00,0,0
resume/index.html,13,html,bd766d9c,isaiahfang,2025-01-10,15:47:26,-08:00,2025-01-10T15:47:26-08:00,0,2
resume/index.html,14,html,c266506d,isaiahfang,2025-01-17,18:07:20,-08:00,2025-01-17T18:07:20-08:00,0,195
resume/index.html,15,html,bd766d9c,isaiahfang,2025-01-10,15:47:26,-08:00,2025-01-10T15:47:26-08:00,0,3
resume/index.html,16,html,bd766d9c,isaiahfang,2025-01-10,15:47:26,-08:00,2025-01-10T15:47:26-08:00,0,0
resume/index.html,17,html,bd766d9c,isaiahfang,2025-01-10,15:47:26,-08:00,2025-01-10T15:47:26-08:00,0,8
resume/index.html,18,html,23fbf6b0,isaiahfang,2025-01-10,16:16:48,-08:00,2025-01-10T16:16:48-08:00,0,17
resume/index.html,19,html,23fbf6b0,isaiahfang,2025-01-10,16:16:48,-08:00,2025-01-10T16:16:48-08:00,0,2
resume/index.html,20,html,c266506d,isaiahfang,2025-01-17,18:07:20,-08:00,2025-01-17T18:07:20-08:00,0,121
resume/index.html,21,html,23fbf6b0,isaiahfang,2025-01-10,16:16:48,-08:00,2025-01-10T16:16:48-08:00,0,3
resume/index.html,22,html,23fbf6b0,isaiahfang,2025-01-10,16:16:48,-08:00,2025-01-10T16:16:48-08:00,0,2
resume/index.html,23,html,23fbf6b0,isaiahfang,2025-01-10,16:16:48,-08:00,2025-01-10T16:16:48-08:00,0,79
resume/index.html,24,html,23fbf6b0,isaiahfang,2025-01-10,16:16:48,-08:00,2025-01-10T16:16:48-08:00,0,3
resume/index.html,25,html,c266506d,isaiahfang,2025-01-17,18:07:20,-08:00,2025-01-17T18:07:20-08:00,0,2
resume/index.html,26,html,c266506d,isaiahfang,2025-01-17,18:07:20,-08:00,2025-01-17T18:07:20-08:00,0,135
resume/index.html,27,html,c266506d,isaiahfang,2025-01-17,18:07:20,-08:00,2025-01-17T18:07:20-08:00,0,3
resume/index.html,28,html,bd766d9c,isaiahfang,2025-01-10,15:47:26,-08:00,2025-01-10T15:47:26-08:00,0,9
resume/index.html,29,html,bd766d9c,isaiahfang,2025-01-10,15:47:26,-08:00,2025-01-10T15:47:26-08:00,0,0
resume/index.html,30,html,bd766d9c,isaiahfang,2025-01-10,15:47:26,-08:00,2025-01-10T15:47:26-08:00,0,32
resume/index.html,31,html,c266506d,isaiahfang,2025-01-17,18:07:20,-08:00,2025-01-17T18:07:20-08:00,0,23
resume/index.html,32,html,bd766d9c,isaiahfang,2025-01-10,15:47:26,-08:00,2025-01-10T15:47:26-08:00,0,21
resume/index.html,33,html,28f39903,isaiahfang,2025-01-10,16:26:13,-08:00,2025-01-10T16:26:13-08:00,0,7
resume/index.html,34,html,c266506d,isaiahfang,2025-01-17,18:07:20,-08:00,2025-01-17T18:07:20-08:00,0,130
resume/index.html,35,html,28f39903,isaiahfang,2025-01-10,16:26:13,-08:00,2025-01-10T16:26:13-08:00,0,8
resume/index.html,36,html,bd766d9c,isaiahfang,2025-01-10,15:47:26,-08:00,2025-01-10T15:47:26-08:00,0,2
resume/index.html,37,html,bd766d9c,isaiahfang,2025-01-10,15:47:26,-08:00,2025-01-10T15:47:26-08:00,0,25
resume/index.html,38,html,bd766d9c,isaiahfang,2025-01-10,15:47:26,-08:00,2025-01-10T15:47:26-08:00,0,3
resume/index.html,39,html,bd766d9c,isaiahfang,2025-01-10,15:47:26,-08:00,2025-01-10T15:47:26-08:00,0,2
resume/index.html,40,html,c266506d,isaiahfang,2025-01-17,18:07:20,-08:00,2025-01-17T18:07:20-08:00,0,186
resume/index.html,41,html,c266506d,isaiahfang,2025-01-17,18:07:20,-08:00,2025-01-17T18:07:20-08:00,0,3
resume/index.html,42,html,c266506d,isaiahfang,2025-01-17,18:07:20,-08:00,2025-01-17T18:07:20-08:00,0,2
resume/index.html,43,html,c266506d,isaiahfang,2025-01-17,18:07:20,-08:00,2025-01-17T18:07:20-08:00,0,185
resume/index.html,44,html,c266506d,isaiahfang,2025-01-17,18:07:20,-08:00,2025-01-17T18:07:20-08:00,0,3
resume/index.html,45,html,c266506d,isaiahfang,2025-01-17,18:07:20,-08:00,2025-01-17T18:07:20-08:00,0,2
resume/index.html,46,html,c266506d,isaiahfang,2025-01-17,18:07:20,-08:00,2025-01-17T18:07:20-08:00,0,198
resume/index.html,47,html,bd766d9c,isaiahfang,2025-01-10,15:47:26,-08:00,2025-01-10T15:47:26-08:00,0,3
resume/index.html,48,html,bd766d9c,isaiahfang,2025-01-10,15:47:26,-08:00,2025-01-10T15:47:26-08:00,0,9
resume/index.html,49,html,bd766d9c,isaiahfang,2025-01-10,15:47:26,-08:00,2025-01-10T15:47:26-08:00,0,25
resume/index.html,50,html,28f39903,isaiahfang,2025-01-10,16:26:13,-08:00,2025-01-10T16:26:13-08:00,0,7
resume/index.html,51,html,c266506d,isaiahfang,2025-01-17,18:07:20,-08:00,2025-01-17T18:07:20-08:00,0,172
resume/index.html,52,html,28f39903,isaiahfang,2025-01-10,16:26:13,-08:00,2025-01-10T16:26:13-08:00,0,8
resume/index.html,53,html,bd766d9c,isaiahfang,2025-01-10,15:47:26,-08:00,2025-01-10T15:47:26-08:00,0,2
resume/index.html,54,html,bd766d9c,isaiahfang,2025-01-10,15:47:26,-08:00,2025-01-10T15:47:26-08:00,0,14
resume/index.html,55,html,bd766d9c,isaiahfang,2025-01-10,15:47:26,-08:00,2025-01-10T15:47:26-08:00,0,3
resume/index.html,56,html,bd766d9c,isaiahfang,2025-01-10,15:47:26,-08:00,2025-01-10T15:47:26-08:00,0,2
resume/index.html,57,html,c266506d,isaiahfang,2025-01-17,18:07:20,-08:00,2025-01-17T18:07:20-08:00,0,185
resume/index.html,58,html,c266506d,isaiahfang,2025-01-17,18:07:20,-08:00,2025-01-17T18:07:20-08:00,0,3
resume/index.html,59,html,c266506d,isaiahfang,2025-01-17,18:07:20,-08:00,2025-01-17T18:07:20-08:00,0,2
resume/index.html,60,html,c266506d,isaiahfang,2025-01-17,18:07:20,-08:00,2025-01-17T18:07:20-08:00,0,183
resume/index.html,61,html,c266506d,isaiahfang,2025-01-17,18:07:20,-08:00,2025-01-17T18:07:20-08:00,0,3
resume/index.html,62,html,c266506d,isaiahfang,2025-01-17,18:07:20,-08:00,2025-01-17T18:07:20-08:00,0,2
resume/index.html,63,html,c266506d,isaiahfang,2025-01-17,18:07:20,-08:00,2025-01-17T18:07:20-08:00,0,109
resume/index.html,64,html,bd766d9c,isaiahfang,2025-01-10,15:47:26,-08:00,2025-01-10T15:47:26-08:00,0,3
resume/index.html,65,html,bd766d9c,isaiahfang,2025-01-10,15:47:26,-08:00,2025-01-10T15:47:26-08:00,0,9
resume/index.html,66,html,23fbf6b0,isaiahfang,2025-01-10,16:16:48,-08:00,2025-01-10T16:16:48-08:00,0,23
resume/index.html,67,html,28f39903,isaiahfang,2025-01-10,16:26:13,-08:00,2025-01-10T16:26:13-08:00,0,7
resume/index.html,68,html,c266506d,isaiahfang,2025-01-17,18:07:20,-08:00,2025-01-17T18:07:20-08:00,0,168
resume/index.html,69,html,28f39903,isaiahfang,2025-01-10,16:26:13,-08:00,2025-01-10T16:26:13-08:00,0,8
resume/index.html,70,html,23fbf6b0,isaiahfang,2025-01-10,16:16:48,-08:00,2025-01-10T16:16:48-08:00,0,2
resume/index.html,71,html,23fbf6b0,isaiahfang,2025-01-10,16:16:48,-08:00,2025-01-10T16:16:48-08:00,0,32
resume/index.html,72,html,23fbf6b0,isaiahfang,2025-01-10,16:16:48,-08:00,2025-01-10T16:16:48-08:00,0,3
resume/index.html,73,html,23fbf6b0,isaiahfang,2025-01-10,16:16:48,-08:00,2025-01-10T16:16:48-08:00,0,2
resume/index.html,74,html,c266506d,isaiahfang,2025-01-17,18:07:20,-08:00,2025-01-17T18:07:20-08:00,0,221
resume/index.html,75,html,c266506d,isaiahfang,2025-01-17,18:07:20,-08:00,2025-01-17T18:07:20-08:00,0,3
resume/index.html,76,html,c266506d,isaiahfang,2025-01-17,18:07:20,-08:00,2025-01-17T18:07:20-08:00,0,2
resume/index.html,77,html,c266506d,isaiahfang,2025-01-17,18:07:20,-08:00,2025-01-17T18:07:20-08:00,0,106
resume/index.html,78,html,c266506d,isaiahfang,2025-01-17,18:07:20,-08:00,2025-01-17T18:07:20-08:00,0,3
resume/index.html,79,html,c266506d,isaiahfang,2025-01-17,18:07:20,-08:00,2025-01-17T18:07:20-08:00,0,2
resume/index.html,80,html,c266506d,isaiahfang,2025-01-17,18:07:20,-08:00,2025-01-17T18:07:20-08:00,0,176
resume/index.html,81,html,23fbf6b0,isaiahfang,2025-01-10,16:16:48,-08:00,2025-01-10T16:16:48-08:00,0,3
resume/index.html,82,html,23fbf6b0,isaiahfang,2025-01-10,16:16:48,-08:00,2025-01-10T16:16:48-08:00,0,9
resume/index.html,83,html,23fbf6b0,isaiahfang,2025-01-10,16:16:48,-08:00,2025-01-10T16:16:48-08:00,0,9
resume/index.html,84,html,23fbf6b0,isaiahfang,2025-01-10,16:16:48,-08:00,2025-01-10T16:16:48-08:00,0,0
resume/index.html,85,html,23fbf6b0,isaiahfang,2025-01-10,16:16:48,-08:00,2025-01-10T16:16:48-08:00,0,38
resume/index.html,86,html,c266506d,isaiahfang,2025-01-17,18:07:20,-08:00,2025-01-17T18:07:20-08:00,0,29
resume/index.html,87,html,23fbf6b0,isaiahfang,2025-01-10,16:16:48,-08:00,2025-01-10T16:16:48-08:00,0,21
resume/index.html,88,html,28f39903,isaiahfang,2025-01-10,16:26:13,-08:00,2025-01-10T16:26:13-08:00,0,7
resume/index.html,89,html,c266506d,isaiahfang,2025-01-17,18:07:20,-08:00,2025-01-17T18:07:20-08:00,0,130
resume/index.html,90,html,28f39903,isaiahfang,2025-01-10,16:26:13,-08:00,2025-01-10T16:26:13-08:00,0,8
resume/index.html,91,html,23fbf6b0,isaiahfang,2025-01-10,16:16:48,-08:00,2025-01-10T16:16:48-08:00,0,2
resume/index.html,92,html,23fbf6b0,isaiahfang,2025-01-10,16:16:48,-08:00,2025-01-10T16:16:48-08:00,0,34
resume/index.html,93,html,23fbf6b0,isaiahfang,2025-01-10,16:16:48,-08:00,2025-01-10T16:16:48-08:00,0,3
resume/index.html,94,html,23fbf6b0,isaiahfang,2025-01-10,16:16:48,-08:00,2025-01-10T16:16:48-08:00,0,2
resume/index.html,95,html,c266506d,isaiahfang,2025-01-17,18:07:20,-08:00,2025-01-17T18:07:20-08:00,0,167
resume/index.html,96,html,23fbf6b0,isaiahfang,2025-01-10,16:16:48,-08:00,2025-01-10T16:16:48-08:00,0,3
resume/index.html,97,html,23fbf6b0,isaiahfang,2025-01-10,16:16:48,-08:00,2025-01-10T16:16:48-08:00,0,9
resume/index.html,98,html,23fbf6b0,isaiahfang,2025-01-10,16:16:48,-08:00,2025-01-10T16:16:48-08:00,0,20
resume/index.html,99,html,28f39903,isaiahfang,2025-01-10,16:26:13,-08:00,2025-01-10T16:26:13-08:00,0,7
resume/index.html,100,html,c266506d,isaiahfang,2025-01-17,18:07:20,-08:00,2025-01-17T18:07:20-08:00,0,142
resume/index.html,101,html,28f39903,isaiahfang,2025-01-10,16:26:13,-08:00,2025-01-10T16:26:13-08:00,0,8
resume/index.html,102,html,23fbf6b0,isaiahfang,2025-01-10,16:16:48,-08:00,2025-01-10T16:16:48-08:00,0,2
resume/index.html,103,html,23fbf6b0,isaiahfang,2025-01-10,16:16:48,-08:00,2025-01-10T16:16:48-08:00,0,17
resume/index.html,104,html,23fbf6b0,isaiahfang,2025-01-10,16:16:48,-08:00,2025-01-10T16:16:48-08:00,0,3
resume/index.html,105,html,23fbf6b0,isaiahfang,2025-01-10,16:16:48,-08:00,2025-01-10T16:16:48-08:00,0,2
resume/index.html,106,html,c266506d,isaiahfang,2025-01-17,18:07:20,-08:00,2025-01-17T18:07:20-08:00,0,186
resume/index.html,107,html,23fbf6b0,isaiahfang,2025-01-10,16:16:48,-08:00,2025-01-10T16:16:48-08:00,0,3
resume/index.html,108,html,23fbf6b0,isaiahfang,2025-01-10,16:16:48,-08:00,2025-01-10T16:16:48-08:00,0,9
resume/index.html,109,html,23fbf6b0,isaiahfang,2025-01-10,16:16:48,-08:00,2025-01-10T16:16:48-08:00,0,19
resume/index.html,110,html,28f39903,isaiahfang,2025-01-10,16:26:13,-08:00,2025-01-10T16:26:13-08:00,0,7
resume/index.html,111,html,c266506d,isaiahfang,2025-01-17,18:07:20,-08:00,2025-01-17T18:07:20-08:00,0,135
resume/index.html,112,html,28f39903,isaiahfang,2025-01-10,16:26:13,-08:00,2025-01-10T16:26:13-08:00,0,8
resume/index.html,113,html,23fbf6b0,isaiahfang,2025-01-10,16:16:48,-08:00,2025-01-10T16:16:48-08:00,0,2
resume/index.html,114,html,23fbf6b0,isaiahfang,2025-01-10,16:16:48,-08:00,2025-01-10T16:16:48-08:00,0,36
resume/index.html,115,html,23fbf6b0,isaiahfang,2025-01-10,16:16:48,-08:00,2025-01-10T16:16:48-08:00,0,3
resume/index.html,116,html,23fbf6b0,isaiahfang,2025-01-10,16:16:48,-08:00,2025-01-10T16:16:48-08:00,0,2
resume/index.html,117,html,c266506d,isaiahfang,2025-01-17,18:07:20,-08:00,2025-01-17T18:07:20-08:00,0,164
resume/index.html,118,html,23fbf6b0,isaiahfang,2025-01-10,16:16:48,-08:00,2025-01-10T16:16:48-08:00,0,3
resume/index.html,119,html,bd766d9c,isaiahfang,2025-01-10,15:47:26,-08:00,2025-01-10T15:47:26-08:00,0,9
resume/index.html,120,html,bd766d9c,isaiahfang,2025-01-10,15:47:26,-08:00,2025-01-10T15:47:26-08:00,0,9
resume/index.html,121,html,23fbf6b0,isaiahfang,2025-01-10,16:16:48,-08:00,2025-01-10T16:16:48-08:00,0,0
resume/index.html,122,html,23fbf6b0,isaiahfang,2025-01-10,16:16:48,-08:00,2025-01-10T16:16:48-08:00,0,8
resume/index.html,123,html,23fbf6b0,isaiahfang,2025-01-10,16:16:48,-08:00,2025-01-10T16:16:48-08:00,0,28
resume/index.html,124,html,c266506d,isaiahfang,2025-01-17,18:07:20,-08:00,2025-01-17T18:07:20-08:00,0,2
resume/index.html,125,html,c266506d,isaiahfang,2025-01-17,18:07:20,-08:00,2025-01-17T18:07:20-08:00,0,86
resume/index.html,126,html,c266506d,isaiahfang,2025-01-17,18:07:20,-08:00,2025-01-17T18:07:20-08:00,0,3
resume/index.html,127,html,c266506d,isaiahfang,2025-01-17,18:07:20,-08:00,2025-01-17T18:07:20-08:00,0,2
resume/index.html,128,html,c266506d,isaiahfang,2025-01-17,18:07:20,-08:00,2025-01-17T18:07:20-08:00,0,36
resume/index.html,129,html,c266506d,isaiahfang,2025-01-17,18:07:20,-08:00,2025-01-17T18:07:20-08:00,0,3
resume/index.html,130,html,23fbf6b0,isaiahfang,2025-01-10,16:16:48,-08:00,2025-01-10T16:16:48-08:00,0,9
resume/index.html,131,html,d1678fa5,isaiahfang,2025-01-10,00:15:46,-08:00,2025-01-10T00:15:46-08:00,0,0
resume/index.html,132,html,c60808d3,isaiahfang,2025-01-10,00:12:15,-08:00,2025-01-10T00:12:15-08:00,0,6
resume/index.html,133,html,c60808d3,isaiahfang,2025-01-10,00:12:15,-08:00,2025-01-10T00:12:15-08:00,0,5
resume/index.html,134,html,c60808d3,isaiahfang,2025-01-10,00:12:15,-08:00,2025-01-10T00:12:15-08:00,0,0
resume/index.html,135,html,c60808d3,isaiahfang,2025-01-10,00:12:15,-08:00,2025-01-10T00:12:15-08:00,0,6
resume/index.html,136,html,18b87529,isaiahfang,2025-01-23,20:28:14,-08:00,2025-01-23T20:28:14-08:00,0,6
projects/projects.js,1,js,6784925b,isaiahfang,2025-01-29,18:29:19,-08:00,2025-01-29T18:29:19-08:00,0,56
projects/projects.js,2,js,6784925b,isaiahfang,2025-01-29,18:29:19,-08:00,2025-01-29T18:29:19-08:00,0,56
projects/projects.js,3,js,f515041d,isaiahfang,2025-02-08,09:40:53,-08:00,2025-02-08T09:40:53-08:00,0,63
projects/projects.js,4,js,f515041d,isaiahfang,2025-02-08,09:40:53,-08:00,2025-02-08T09:40:53-08:00,0,56
projects/projects.js,5,js,6784925b,isaiahfang,2025-01-29,18:29:19,-08:00,2025-01-29T18:29:19-08:00,0,61
projects/projects.js,6,js,f1870824,isaiahfang,2025-01-29,18:54:55,-08:00,2025-01-29T18:54:55-08:00,0,49
projects/projects.js,7,js,f1870824,isaiahfang,2025-01-29,18:54:55,-08:00,2025-01-29T18:54:55-08:00,0,0
projects/projects.js,8,js,f1870824,isaiahfang,2025-01-29,18:54:55,-08:00,2025-01-29T18:54:55-08:00,0,55
projects/projects.js,9,js,09a5f120,isaiahfang,2025-02-07,16:02:35,-08:00,2025-02-07T16:02:35-08:00,0,49
projects/projects.js,10,js,09a5f120,isaiahfang,2025-02-07,16:02:35,-08:00,2025-02-07T16:02:35-08:00,0,0
projects/projects.js,11,js,09a5f120,isaiahfang,2025-02-07,16:02:35,-08:00,2025-02-07T16:02:35-08:00,0,64
projects/projects.js,12,js,09a5f120,isaiahfang,2025-02-07,16:02:35,-08:00,2025-02-07T16:02:35-08:00,0,0
projects/projects.js,13,js,f515041d,isaiahfang,2025-02-08,09:40:53,-08:00,2025-02-08T09:40:53-08:00,0,22
projects/projects.js,14,js,09a5f120,isaiahfang,2025-02-07,16:02:35,-08:00,2025-02-07T16:02:35-08:00,0,0
projects/projects.js,15,js,f515041d,isaiahfang,2025-02-08,09:40:53,-08:00,2025-02-08T09:40:53-08:00,0,39
projects/projects.js,16,js,f515041d,isaiahfang,2025-02-08,09:40:53,-08:00,2025-02-08T09:40:53-08:00,0,30
projects/projects.js,17,js,f515041d,isaiahfang,2025-02-08,09:40:53,-08:00,2025-02-08T09:40:53-08:00,0,13
projects/projects.js,18,js,f515041d,isaiahfang,2025-02-08,09:40:53,-08:00,2025-02-08T09:40:53-08:00,0,15
projects/projects.js,19,js,f515041d,isaiahfang,2025-02-08,09:40:53,-08:00,2025-02-08T09:40:53-08:00,0,12
projects/projects.js,20,js,e638d53b,isaiahfang,2025-02-07,18:39:40,-08:00,2025-02-07T18:39:40-08:00,0,1
projects/projects.js,21,js,f515041d,isaiahfang,2025-02-08,09:40:53,-08:00,2025-02-08T09:40:53-08:00,0,0
projects/projects.js,22,js,f515041d,isaiahfang,2025-02-08,09:40:53,-08:00,2025-02-08T09:40:53-08:00,0,51
projects/projects.js,23,js,f515041d,isaiahfang,2025-02-08,09:40:53,-08:00,2025-02-08T09:40:53-08:00,0,36
projects/projects.js,24,js,e638d53b,isaiahfang,2025-02-07,18:39:40,-08:00,2025-02-07T18:39:40-08:00,0,2
projects/projects.js,25,js,e638d53b,isaiahfang,2025-02-07,18:39:40,-08:00,2025-02-07T18:39:40-08:00,0,0
projects/projects.js,26,js,f515041d,isaiahfang,2025-02-08,09:40:53,-08:00,2025-02-08T09:40:53-08:00,0,58
projects/projects.js,27,js,f515041d,isaiahfang,2025-02-08,09:40:53,-08:00,2025-02-08T09:40:53-08:00,0,51
projects/projects.js,28,js,f515041d,isaiahfang,2025-02-08,09:40:53,-08:00,2025-02-08T09:40:53-08:00,0,40
projects/projects.js,29,js,f515041d,isaiahfang,2025-02-08,09:40:53,-08:00,2025-02-08T09:40:53-08:00,0,52
projects/projects.js,30,js,f515041d,isaiahfang,2025-02-08,09:40:53,-08:00,2025-02-08T09:40:53-08:00,0,0
projects/projects.js,31,js,f515041d,isaiahfang,2025-02-08,09:40:53,-08:00,2025-02-08T09:40:53-08:00,0,26
projects/projects.js,32,js,f515041d,isaiahfang,2025-02-08,09:40:53,-08:00,2025-02-08T09:40:53-08:00,0,30
projects/projects.js,33,js,f515041d,isaiahfang,2025-02-08,09:40:53,-08:00,2025-02-08T09:40:53-08:00,0,33
projects/projects.js,34,js,f515041d,isaiahfang,2025-02-08,09:40:53,-08:00,2025-02-08T09:40:53-08:00,0,15
projects/projects.js,35,js,f515041d,isaiahfang,2025-02-08,09:40:53,-08:00,2025-02-08T09:40:53-08:00,0,0
projects/projects.js,36,js,f515041d,isaiahfang,2025-02-08,09:40:53,-08:00,2025-02-08T09:40:53-08:00,0,48
projects/projects.js,37,js,f515041d,isaiahfang,2025-02-08,09:40:53,-08:00,2025-02-08T09:40:53-08:00,0,0
projects/projects.js,38,js,f515041d,isaiahfang,2025-02-08,09:40:53,-08:00,2025-02-08T09:40:53-08:00,0,34
projects/projects.js,39,js,f515041d,isaiahfang,2025-02-08,09:40:53,-08:00,2025-02-08T09:40:53-08:00,0,17
projects/projects.js,40,js,f515041d,isaiahfang,2025-02-08,09:40:53,-08:00,2025-02-08T09:40:53-08:00,0,18
projects/projects.js,41,js,f515041d,isaiahfang,2025-02-08,09:40:53,-08:00,2025-02-08T09:40:53-08:00,0,25
projects/projects.js,42,js,f515041d,isaiahfang,2025-02-08,09:40:53,-08:00,2025-02-08T09:40:53-08:00,0,19
projects/projects.js,43,js,f515041d,isaiahfang,2025-02-08,09:40:53,-08:00,2025-02-08T09:40:53-08:00,0,50
projects/projects.js,44,js,f515041d,isaiahfang,2025-02-08,09:40:53,-08:00,2025-02-08T09:40:53-08:00,0,0
projects/projects.js,45,js,f515041d,isaiahfang,2025-02-08,09:40:53,-08:00,2025-02-08T09:40:53-08:00,0,2
projects/projects.js,46,js,f515041d,isaiahfang,2025-02-08,09:40:53,-08:00,2025-02-08T09:40:53-08:00,0,17
projects/projects.js,47,js,f515041d,isaiahfang,2025-02-08,09:40:53,-08:00,2025-02-08T09:40:53-08:00,0,67
projects/projects.js,48,js,f515041d,isaiahfang,2025-02-08,09:40:53,-08:00,2025-02-08T09:40:53-08:00,0,0
projects/projects.js,49,js,f515041d,isaiahfang,2025-02-08,09:40:53,-08:00,2025-02-08T09:40:53-08:00,0,5
projects/projects.js,50,js,f515041d,isaiahfang,2025-02-08,09:40:53,-08:00,2025-02-08T09:40:53-08:00,0,15
projects/projects.js,51,js,f515041d,isaiahfang,2025-02-08,09:40:53,-08:00,2025-02-08T09:40:53-08:00,0,67
projects/projects.js,52,js,09a5f120,isaiahfang,2025-02-07,16:02:35,-08:00,2025-02-07T16:02:35-08:00,0,0
projects/projects.js,53,js,f515041d,isaiahfang,2025-02-08,09:40:53,-08:00,2025-02-08T09:40:53-08:00,0,26
projects/projects.js,54,js,f515041d,isaiahfang,2025-02-08,09:40:53,-08:00,2025-02-08T09:40:53-08:00,0,49
projects/projects.js,55,js,f515041d,isaiahfang,2025-02-08,09:40:53,-08:00,2025-02-08T09:40:53-08:00,0,7
projects/projects.js,56,js,f515041d,isaiahfang,2025-02-08,09:40:53,-08:00,2025-02-08T09:40:53-08:00,0,49
projects/projects.js,57,js,f515041d,isaiahfang,2025-02-08,09:40:53,-08:00,2025-02-08T09:40:53-08:00,0,82
projects/projects.js,58,js,f515041d,isaiahfang,2025-02-08,09:40:53,-08:00,2025-02-08T09:40:53-08:00,0,57
projects/projects.js,59,js,f515041d,isaiahfang,2025-02-08,09:40:53,-08:00,2025-02-08T09:40:53-08:00,0,0
projects/projects.js,60,js,f515041d,isaiahfang,2025-02-08,09:40:53,-08:00,2025-02-08T09:40:53-08:00,0,2
projects/projects.js,61,js,f515041d,isaiahfang,2025-02-08,09:40:53,-08:00,2025-02-08T09:40:53-08:00,0,2
projects/projects.js,62,js,f515041d,isaiahfang,2025-02-08,09:40:53,-08:00,2025-02-08T09:40:53-08:00,0,0
projects/projects.js,63,js,f515041d,isaiahfang,2025-02-08,09:40:53,-08:00,2025-02-08T09:40:53-08:00,0,28
projects/projects.js,64,js,f515041d,isaiahfang,2025-02-08,09:40:53,-08:00,2025-02-08T09:40:53-08:00,0,18
projects/projects.js,65,js,f515041d,isaiahfang,2025-02-08,09:40:53,-08:00,2025-02-08T09:40:53-08:00,0,39
projects/projects.js,66,js,f515041d,isaiahfang,2025-02-08,09:40:53,-08:00,2025-02-08T09:40:53-08:00,0,110
projects/projects.js,67,js,f515041d,isaiahfang,2025-02-08,09:40:53,-08:00,2025-02-08T09:40:53-08:00,0,2
projects/projects.js,68,js,09a5f120,isaiahfang,2025-02-07,16:02:35,-08:00,2025-02-07T16:02:35-08:00,0,0
projects/projects.js,69,js,f515041d,isaiahfang,2025-02-08,09:40:53,-08:00,2025-02-08T09:40:53-08:00,0,21
projects/projects.js,70,js,f515041d,isaiahfang,2025-02-08,09:40:53,-08:00,2025-02-08T09:40:53-08:00,0,67
projects/projects.js,71,js,09a5f120,isaiahfang,2025-02-07,16:02:35,-08:00,2025-02-07T16:02:35-08:00,0,0
projects/projects.js,72,js,09a5f120,isaiahfang,2025-02-07,16:02:35,-08:00,2025-02-07T16:02:35-08:00,0,0
projects/projects.js,73,js,f515041d,isaiahfang,2025-02-08,09:40:53,-08:00,2025-02-08T09:40:53-08:00,0,24
projects/projects.js,74,js,09a5f120,isaiahfang,2025-02-07,16:02:35,-08:00,2025-02-07T16:02:35-08:00,0,0
projects/projects.js,75,js,f515041d,isaiahfang,2025-02-08,09:40:53,-08:00,2025-02-08T09:40:53-08:00,0,31
projects/projects.js,76,js,f515041d,isaiahfang,2025-02-08,09:40:53,-08:00,2025-02-08T09:40:53-08:00,0,34
projects/projects.js,77,js,f515041d,isaiahfang,2025-02-08,09:40:53,-08:00,2025-02-08T09:40:53-08:00,0,60
projects/projects.js,78,js,f515041d,isaiahfang,2025-02-08,09:40:53,-08:00,2025-02-08T09:40:53-08:00,0,49
projects/projects.js,79,js,f515041d,isaiahfang,2025-02-08,09:40:53,-08:00,2025-02-08T09:40:53-08:00,0,2
projects/projects.js,80,js,09a5f120,isaiahfang,2025-02-07,16:02:35,-08:00,2025-02-07T16:02:35-08:00,0,0
projects/projects.js,81,js,09a5f120,isaiahfang,2025-02-07,16:02:35,-08:00,2025-02-07T16:02:35-08:00,0,0
projects/projects.js,82,js,f515041d,isaiahfang,2025-02-08,09:40:53,-08:00,2025-02-08T09:40:53-08:00,0,49
projects/projects.js,83,js,f515041d,isaiahfang,2025-02-08,09:40:53,-08:00,2025-02-08T09:40:53-08:00,0,51
projects/projects.js,84,js,f515041d,isaiahfang,2025-02-08,09:40:53,-08:00,2025-02-08T09:40:53-08:00,0,0
projects/projects.js,85,js,f515041d,isaiahfang,2025-02-08,09:40:53,-08:00,2025-02-08T09:40:53-08:00,0,57
projects/projects.js,86,js,f515041d,isaiahfang,2025-02-08,09:40:53,-08:00,2025-02-08T09:40:53-08:00,0,19
projects/projects.js,87,js,f515041d,isaiahfang,2025-02-08,09:40:53,-08:00,2025-02-08T09:40:53-08:00,0,65
projects/projects.js,88,js,f515041d,isaiahfang,2025-02-08,09:40:53,-08:00,2025-02-08T09:40:53-08:00,0,0
projects/projects.js,89,js,f515041d,isaiahfang,2025-02-08,09:40:53,-08:00,2025-02-08T09:40:53-08:00,0,0
projects/projects.js,90,js,f515041d,isaiahfang,2025-02-08,09:40:53,-08:00,2025-02-08T09:40:53-08:00,0,18
projects/projects.js,91,js,f515041d,isaiahfang,2025-02-08,09:40:53,-08:00,2025-02-08T09:40:53-08:00,0,32
projects/projects.js,92,js,f515041d,isaiahfang,2025-02-08,09:40:53,-08:00,2025-02-08T09:40:53-08:00,0,2
projects/index.html,1,html,30b9220c,isaiahfang,2025-01-09,22:51:56,-08:00,2025-01-09T22:51:56-08:00,0,14
projects/index.html,2,html,30b9220c,isaiahfang,2025-01-09,22:51:56,-08:00,2025-01-09T22:51:56-08:00,0,15
projects/index.html,3,html,30b9220c,isaiahfang,2025-01-09,22:51:56,-08:00,2025-01-09T22:51:56-08:00,0,5
projects/index.html,4,html,30b9220c,isaiahfang,2025-01-09,22:51:56,-08:00,2025-01-09T22:51:56-08:00,0,21
projects/index.html,5,html,30b9220c,isaiahfang,2025-01-09,22:51:56,-08:00,2025-01-09T22:51:56-08:00,0,69
projects/index.html,6,html,30b9220c,isaiahfang,2025-01-09,22:51:56,-08:00,2025-01-09T22:51:56-08:00,0,22
projects/index.html,7,html,a4dd0f22,isaiahfang,2025-01-09,23:56:00,-08:00,2025-01-09T23:56:00-08:00,0,0
projects/index.html,8,html,a936d6bd,isaiahfang,2025-01-23,17:31:32,-08:00,2025-01-23T17:31:32-08:00,0,43
projects/index.html,9,html,796976d1,isaiahfang,2025-01-23,20:36:43,-08:00,2025-01-23T20:36:43-08:00,0,49
projects/index.html,10,html,18b87529,isaiahfang,2025-01-23,20:28:14,-08:00,2025-01-23T20:28:14-08:00,0,0
projects/index.html,11,html,6784925b,isaiahfang,2025-01-29,18:29:19,-08:00,2025-01-29T18:29:19-08:00,0,39
projects/index.html,12,html,6c473345,isaiahfang,2025-01-17,15:50:11,-08:00,2025-01-17T15:50:11-08:00,0,0
projects/index.html,13,html,a19b79db,isaiahfang,2025-02-07,18:23:51,-08:00,2025-02-07T18:23:51-08:00,0,22
projects/index.html,14,html,a19b79db,isaiahfang,2025-02-07,18:23:51,-08:00,2025-02-07T18:23:51-08:00,0,59
projects/index.html,15,html,a19b79db,isaiahfang,2025-02-07,18:23:51,-08:00,2025-02-07T18:23:51-08:00,0,23
projects/index.html,16,html,a19b79db,isaiahfang,2025-02-07,18:23:51,-08:00,2025-02-07T18:23:51-08:00,0,5
projects/index.html,17,html,f515041d,isaiahfang,2025-02-08,09:40:53,-08:00,2025-02-08T09:40:53-08:00,0,5
projects/index.html,18,html,f515041d,isaiahfang,2025-02-08,09:40:53,-08:00,2025-02-08T09:40:53-08:00,0,16
projects/index.html,19,html,f515041d,isaiahfang,2025-02-08,09:40:53,-08:00,2025-02-08T09:40:53-08:00,0,12
projects/index.html,20,html,f515041d,isaiahfang,2025-02-08,09:40:53,-08:00,2025-02-08T09:40:53-08:00,0,27
projects/index.html,21,html,f515041d,isaiahfang,2025-02-08,09:40:53,-08:00,2025-02-08T09:40:53-08:00,0,32
projects/index.html,22,html,f515041d,isaiahfang,2025-02-08,09:40:53,-08:00,2025-02-08T09:40:53-08:00,0,1
projects/index.html,23,html,09a5f120,isaiahfang,2025-02-07,16:02:35,-08:00,2025-02-07T16:02:35-08:00,0,0
projects/index.html,24,html,6c473345,isaiahfang,2025-01-17,15:50:11,-08:00,2025-01-17T15:50:11-08:00,0,21
projects/index.html,25,html,6784925b,isaiahfang,2025-01-29,18:29:19,-08:00,2025-01-29T18:29:19-08:00,0,49
projects/index.html,26,html,6784925b,isaiahfang,2025-01-29,18:29:19,-08:00,2025-01-29T18:29:19-08:00,0,48
projects/index.html,27,html,6c473345,isaiahfang,2025-01-17,15:50:11,-08:00,2025-01-17T15:50:11-08:00,0,5
projects/index.html,28,html,a4dd0f22,isaiahfang,2025-01-09,23:56:00,-08:00,2025-01-09T23:56:00-08:00,0,0
projects/index.html,29,html,30b9220c,isaiahfang,2025-01-09,22:51:56,-08:00,2025-01-09T22:51:56-08:00,0,6
projects/index.html,30,html,30b9220c,isaiahfang,2025-01-09,22:51:56,-08:00,2025-01-09T22:51:56-08:00,0,5
projects/index.html,31,html,30b9220c,isaiahfang,2025-01-09,22:51:56,-08:00,2025-01-09T22:51:56-08:00,0,0
projects/index.html,32,html,30b9220c,isaiahfang,2025-01-09,22:51:56,-08:00,2025-01-09T22:51:56-08:00,0,6
projects/index.html,33,html,18b87529,isaiahfang,2025-01-23,20:28:14,-08:00,2025-01-23T20:28:14-08:00,0,6
contact/index.html,1,html,30b9220c,isaiahfang,2025-01-09,22:51:56,-08:00,2025-01-09T22:51:56-08:00,0,14
contact/index.html,2,html,30b9220c,isaiahfang,2025-01-09,22:51:56,-08:00,2025-01-09T22:51:56-08:00,0,15
contact/index.html,3,html,30b9220c,isaiahfang,2025-01-09,22:51:56,-08:00,2025-01-09T22:51:56-08:00,0,5
contact/index.html,4,html,30b9220c,isaiahfang,2025-01-09,22:51:56,-08:00,2025-01-09T22:51:56-08:00,0,21
contact/index.html,5,html,30b9220c,isaiahfang,2025-01-09,22:51:56,-08:00,2025-01-09T22:51:56-08:00,0,69
contact/index.html,6,html,30b9220c,isaiahfang,2025-01-09,22:51:56,-08:00,2025-01-09T22:51:56-08:00,0,21
contact/index.html,7,html,a4dd0f22,isaiahfang,2025-01-09,23:56:00,-08:00,2025-01-09T23:56:00-08:00,0,0
contact/index.html,8,html,a936d6bd,isaiahfang,2025-01-23,17:31:32,-08:00,2025-01-23T17:31:32-08:00,0,43
contact/index.html,9,html,796976d1,isaiahfang,2025-01-23,20:36:43,-08:00,2025-01-23T20:36:43-08:00,0,49
contact/index.html,10,html,18b87529,isaiahfang,2025-01-23,20:28:14,-08:00,2025-01-23T20:28:14-08:00,0,0
contact/index.html,11,html,8c86e5c3,isaiahfang,2025-01-16,16:54:28,-08:00,2025-01-16T16:54:28-08:00,0,15
contact/index.html,12,html,6b86a0b4,isaiahfang,2025-01-10,00:21:08,-08:00,2025-01-10T00:21:08-08:00,0,0
contact/index.html,13,html,fe98471b,isaiahfang,2025-01-24,15:17:12,-08:00,2025-01-24T15:17:12-08:00,0,70
contact/index.html,14,html,6e9c7a43,isaiahfang,2025-01-17,14:57:22,-08:00,2025-01-17T14:57:22-08:00,0,60
contact/index.html,15,html,6b86a0b4,isaiahfang,2025-01-10,00:21:08,-08:00,2025-01-10T00:21:08-08:00,0,0
contact/index.html,16,html,74d1dc85,isaiahfang,2025-01-17,15:42:50,-08:00,2025-01-17T15:42:50-08:00,0,67
contact/index.html,17,html,6b86a0b4,isaiahfang,2025-01-10,00:21:08,-08:00,2025-01-10T00:21:08-08:00,0,0
contact/index.html,18,html,74d1dc85,isaiahfang,2025-01-17,15:42:50,-08:00,2025-01-17T15:42:50-08:00,0,20
contact/index.html,19,html,6b86a0b4,isaiahfang,2025-01-10,00:21:08,-08:00,2025-01-10T00:21:08-08:00,0,6
contact/index.html,20,html,30b9220c,isaiahfang,2025-01-09,22:51:56,-08:00,2025-01-09T22:51:56-08:00,0,6
contact/index.html,21,html,30b9220c,isaiahfang,2025-01-09,22:51:56,-08:00,2025-01-09T22:51:56-08:00,0,5
contact/index.html,22,html,30b9220c,isaiahfang,2025-01-09,22:51:56,-08:00,2025-01-09T22:51:56-08:00,0,0
contact/index.html,23,html,30b9220c,isaiahfang,2025-01-09,22:51:56,-08:00,2025-01-09T22:51:56-08:00,0,6
contact/index.html,24,html,18b87529,isaiahfang,2025-01-23,20:28:14,-08:00,2025-01-23T20:28:14-08:00,0,6
